Type,Name,Request Count,Failure Count,Median Response Time,Average Response Time,Min Response Time,Max Response Time,Average Content Size,Requests/s,Failures/s,50%,66%,75%,80%,90%,95%,98%,99%,99.9%,99.99%,100%
GET,/ (Home Feed),5055,0,370,602.0550712255009,90.12008301215246,7147.3411670012865,39812.18575667656,26.27561477535416,0.0,370,600,760,880,1300,1900,2400,2900,6700,7100,7100
POST,/auth/login,161,0,2000,2480.5605866465794,288.23999999440275,8930.966334010009,39852.78881987578,0.8368692341903106,0.0,2000,2800,3400,3800,4800,6000,6800,7000,8900,8900,8900
POST,/auth/register,197,0,2200,2750.7955279587745,216.69495801324956,11975.049332977505,3090.0,1.0239952741334857,0.0,2200,3200,4300,4800,6200,6800,8400,8800,12000,12000,12000
POST,/post/ (Create),345,0,310,677.7046795040234,39.27283300436102,7343.821832997492,206.4144927536232,1.793291216122094,0.0,310,640,900,1100,1800,2300,2700,4200,7300,7300,7300
GET,/post/[id],5171,0,130,397.99461635154057,11.870917020132765,7261.352957983036,3796.8052601044287,26.878576459615502,0.0,130,340,510,640,1100,1700,2200,2700,6800,7300,7300
GET,/r/[slug],5227,0,140,394.81396559377066,14.180375001160428,7449.180041003274,6389.970728907595,27.16966141063822,0.0,140,350,520,640,1000,1600,2100,2400,6700,7400,7400
POST,/subreddit/create,345,0,280,570.6871769392687,19.00154200848192,4569.745457993122,221.0,1.793291216122094,0.0,280,550,780,1000,1600,2100,2500,2900,4600,4600,4600
POST,/vote/[id],6439,0,150,406.1253691882988,11.51329101412557,7380.433540995,189.0,33.46957142205844,0.0,150,360,510,640,1100,1700,2200,2500,6700,7400,7400
,Aggregated,22940,0,220,486.14318049222754,11.51329101412557,11975.049332977505,11450.46704446382,119.24087100823431,0.0,220,430,620,760,1200,1900,2400,3400,6900,8800,12000
